MDEwOlJlcG9zaXRvcnk3MjQ3MTI=,rust,rust-lang,Rust,46110,6872,34765
MDEwOlJlcG9zaXRvcnkyMDUyNTU2ODM=,zebra,ZcashFoundation,Rust,132,16,199
MDEwOlJlcG9zaXRvcnkzMzkwMjQz,servo,servo,Rust,16156,2380,11133
MDEwOlJlcG9zaXRvcnkxNzQyMDkxMw==,cargo,rust-lang,Rust,5696,1162,4447
MDEwOlJlcG9zaXRvcnkxMTUwMzk3MDY=,rust-analyzer,rust-analyzer,Rust,3837,380,1674
MDEwOlJlcG9zaXRvcnk0MjYxOTQ4Nw==,intellij-rust,intellij-rust,Kotlin,3073,278,2626
MDEwOlJlcG9zaXRvcnkyMzUwMDg2NQ==,hyper,hyperium,Rust,6449,865,1111
MDEwOlJlcG9zaXRvcnk0MzE5MjYyMw==,rustup,rust-lang,Rust,3494,512,1289
MDEwOlJlcG9zaXRvcnk2MTcyODQ1OQ==,rust-bindgen,rust-lang,C++,1662,389,908
MDEwOlJlcG9zaXRvcnkzMjUwMDM2OQ==,cocalc,sagemathinc,TypeScript,792,157,3199
MDEwOlJlcG9zaXRvcnkxNjU2MzU4Nw==,cockroach,cockroachdb,Go,18396,2207,25729
MDEwOlJlcG9zaXRvcnk1MDI2ODE2NQ==,cranelift,bytecodealliance,,2487,219,379
MDEwOlJlcG9zaXRvcnk4NDk4MzA1OA==,http,hyperium,Rust,535,116,182
MDEwOlJlcG9zaXRvcnkzODYxNTYyMw==,cborg,well-typed,Haskell,141,56,113
MDEwOlJlcG9zaXRvcnkxOTkxOTY1NTI=,artichoke,artichoke,Rust,1525,59,236
MDEwOlJlcG9zaXRvcnkyMTM2NTU4MQ==,crates.io,rust-lang,Rust,1613,365,894
MDEwOlJlcG9zaXRvcnk1NDcxNTI1NQ==,GameServer,LeagueSandbox,C#,411,233,462
MDEwOlJlcG9zaXRvcnkzNjA5ODQyOQ==,habitat,habitat-sh,Rust,2212,316,2660
MDEwOlJlcG9zaXRvcnk3NzU3MDMwOQ==,bors-ng,bors-ng,Elixir,736,100,310
MDEwOlJlcG9zaXRvcnkxOTg2NjczMA==,citra,citra-emu,C++,5817,1229,2059
MDEwOlJlcG9zaXRvcnk0NjM0OTc3Ng==,core-plans,habitat-sh,Shell,127,266,550
MDEwOlJlcG9zaXRvcnk3MTI3NDUy,archzfs,archzfs,Shell,224,36,264
MDEwOlJlcG9zaXRvcnkxNjE2NjY1,bedrock,mozilla,HTML,894,840,1947
MDEwOlJlcG9zaXRvcnkxMzU3Nzk2,emscripten,emscripten-core,C++,19235,2314,5414
MDEwOlJlcG9zaXRvcnkzODY1NTA1Ng==,mdBook,rust-lang,Rust,4466,515,651
MDEwOlJlcG9zaXRvcnk5MTgyNDg5Ng==,Spoke,MoveOnOrg,JavaScript,272,217,662
MDEwOlJlcG9zaXRvcnkxMTc3MzgzNjQ=,servo-warc-tests,servo,Shell,12,18,35
MDEwOlJlcG9zaXRvcnk4NjIyOTAxOA==,Mozilla-Italia-l10n-guide,MozillaItalia,,11,5,197
MDEwOlJlcG9zaXRvcnk0MDUwODYwNQ==,relay,facebook,JavaScript,14662,1459,1589
MDEwOlJlcG9zaXRvcnk2Mjg0MzkzMg==,BotFramework-WebChat,microsoft,JavaScript,1095,1089,2099
MDEwOlJlcG9zaXRvcnk2MjI5NDQy,filer,filerjs,JavaScript,348,145,414
MDEwOlJlcG9zaXRvcnkzMTQxNDAzNw==,librecores-web,librecores,PHP,26,25,280
MDEwOlJlcG9zaXRvcnkxMjYwMTM3NA==,react-devtools,facebook,,10798,1683,840
MDEwOlJlcG9zaXRvcnk3MDgyMjQ2MQ==,floweaver,ricklupton,Python,223,72,79
MDEwOlJlcG9zaXRvcnk3NTMyNzMyNQ==,multi-account-containers,mozilla,JavaScript,1306,199,1333
MDEwOlJlcG9zaXRvcnkzMjAyNzM1Mg==,c172p,c172p-team,HTML,43,32,782
MDEwOlJlcG9zaXRvcnkyMzA2OTM5OQ==,bootstrap-material-design,FezVrasta,CSS,20159,3278,1087
MDEwOlJlcG9zaXRvcnkzMzk0NzU0OA==,catapult,catapult-project,HTML,1522,479,4606
MDEwOlJlcG9zaXRvcnk1MDY5NTU4OQ==,activity-stream,mozilla,JavaScript,186,127,2316
MDEwOlJlcG9zaXRvcnkzMDg1Njg1MQ==,CRM,ChurchCRM,PHP,275,225,2714
MDEwOlJlcG9zaXRvcnk2MjY2MDAzNg==,mentat,mozilla,Rust,1588,100,481
MDEwOlJlcG9zaXRvcnk4ODgxNDExMA==,lightbeam-we,mozilla,JavaScript,115,47,155
MDEwOlJlcG9zaXRvcnk3OTk1NTIyNg==,bugzilla-board,bendl,JavaScript,1,3,13
MDEwOlJlcG9zaXRvcnkzMTAxODcxNg==,focus-components,KleeGroup,JavaScript,27,37,535
MDEwOlJlcG9zaXRvcnkxMzgwMzIxNA==,highfive,servo,Python,199,56,92
MDEwOlJlcG9zaXRvcnk2NzgxNjY4MQ==,twentyseventeen,WordPress,CSS,193,140,238
MDEwOlJlcG9zaXRvcnkxMDQyMDk5Ng==,WP-API,WP-API,PHP,4029,698,1758
MDEwOlJlcG9zaXRvcnkyNjkyMjI1Ng==,PaperBadger,mozillascience,JavaScript,85,45,89
MDEwOlJlcG9zaXRvcnk3OTE2NDA=,waterbear,waterbearlang,JavaScript,318,93,814
MDEwOlJlcG9zaXRvcnkxMTE2NDcxOA==,MozStumbler,mozilla,Java,589,229,858
MDEwOlJlcG9zaXRvcnkyMzg0NDE3NA==,trace-viewer,google,,474,75,1052
MDEwOlJlcG9zaXRvcnk0MDU5MTIw,GlitterGallery,glittergallery,Ruby,43,39,159
MDEwOlJlcG9zaXRvcnkxNTc4NTQ4,persona,mozilla,JavaScript,1826,284,3001
MDEwOlJlcG9zaXRvcnk3NjYwMzE5OQ==,webpack-cli,webpack,TypeScript,1876,363,590
MDEwOlJlcG9zaXRvcnk0NjgxMDk1NA==,PlasmaPy,PlasmaPy,Python,286,158,409
MDEwOlJlcG9zaXRvcnk0MzA5ODIxNQ==,deepchem,deepchem,Python,2206,738,956
MDEwOlJlcG9zaXRvcnkzNTAxNTU3NQ==,webtorrent-desktop,webtorrent,JavaScript,7450,876,999
MDEwOlJlcG9zaXRvcnk0NzExODEyOQ==,luxon,moment,JavaScript,9371,411,505
MDEwOlJlcG9zaXRvcnkxMzU4NDI2Mg==,webtorrent,webtorrent,JavaScript,22092,2171,1328
MDEwOlJlcG9zaXRvcnkyMzIzOTA=,vanilla,vanilla,PHP,2188,710,4955
MDEwOlJlcG9zaXRvcnk2MjY3ODI2NQ==,express-gateway,ExpressGateway,JavaScript,2136,238,530
MDEwOlJlcG9zaXRvcnk1MTQ2ODQxMg==,edward,blei-lab,Jupyter Notebook,4512,781,510
MDEwOlJlcG9zaXRvcnkyOTQ1NTk2MA==,sanctuary,sanctuary-js,JavaScript,2501,101,225
MDEwOlJlcG9zaXRvcnk2NDU4ODE3OQ==,armory-app,madou,JavaScript,71,23,237
MDEwOlJlcG9zaXRvcnk1MTM5MjU3NA==,react-server,redfin,JavaScript,3918,211,313
MDEwOlJlcG9zaXRvcnkyMDkwMzM4Mw==,scalameta,scalameta,Scala,837,185,986
MDEwOlJlcG9zaXRvcnkyNDI1MzQ5Mw==,saltfs,servo,Python,42,96,248
MDEwOlJlcG9zaXRvcnkxOTU4NDIyNTk=,code-coverage,mozilla,Python,12,25,136
MDEwOlJlcG9zaXRvcnk3MTk0ODQ5OA==,localstack,localstack,Python,25149,1881,1630
MDEwOlJlcG9zaXRvcnkyMDY5Mzc0Mw==,OpenWPM,mozilla,Python,1029,218,419
MDEwOlJlcG9zaXRvcnkxMjQ5MTA1NzI=,bugbug,mozilla,Python,242,190,607
MDEwOlJlcG9zaXRvcnkxMzE2MTY1Nw==,sipp,SIPp,C++,513,244,271
MDEwOlJlcG9zaXRvcnk4MzQ5NjUwOA==,grcov,mozilla,Rust,335,55,200
MDEwOlJlcG9zaXRvcnkxOTk5NTIy,compromise,spencermountain,JavaScript,9372,599,495
MDEwOlJlcG9zaXRvcnkzOTUyNzMxOA==,ring,briansmith,Assembly,1727,307,583
MDEwOlJlcG9zaXRvcnk0MTQyMzI1Mg==,svg-edit,Gisellameloni,JavaScript,0,0,1282
MDEwOlJlcG9zaXRvcnk0MTEzMDU1OQ==,svg-edit,hackintos,JavaScript,0,0,1282
MDEwOlJlcG9zaXRvcnkxMDE2NjgwNjU=,custom-date-formatting,arshadkazmi42,TypeScript,5,63,33
MDEwOlJlcG9zaXRvcnk0MTA5OTAxOA==,svg-edit,goupviet,,0,0,517
MDEwOlJlcG9zaXRvcnk0MTAzMTc5NQ==,svg-edit,vikach,,0,0,131
MDEwOlJlcG9zaXRvcnk0MDgwMzY3Nw==,svg-edit,likaiguo,JavaScript,0,0,718
MDEwOlJlcG9zaXRvcnk0MDUwMDI1Nw==,svg-edit,s2dio,,0,0,292
MDEwOlJlcG9zaXRvcnkzOTU4MjIzOA==,svg-edit,rebootcode,JavaScript,0,0,1004
MDEwOlJlcG9zaXRvcnkzOTM3NjQ2Mg==,svg-edit,kimoa,JavaScript,2,0,992
MDEwOlJlcG9zaXRvcnkzODM1NjUzMA==,svg-edit,4xx,JavaScript,0,0,1279
MDEwOlJlcG9zaXRvcnkzNDAwOTMwNw==,svg-edit,kahunamoore,JavaScript,0,1,513
MDEwOlJlcG9zaXRvcnkzMzU5NzYzMQ==,svg-edit,chenbo007,,0,0,123
MDEwOlJlcG9zaXRvcnkzMzU0NTk5Mg==,svg-edit,yushiro,JavaScript,0,0,1274
MDEwOlJlcG9zaXRvcnkxMDUwNDY2OQ==,plots2,publiclab,Ruby,559,1185,3522
MDEwOlJlcG9zaXRvcnkxMzI0ODk5ODM=,RawCMS,arduosoft,C#,82,41,98
MDEwOlJlcG9zaXRvcnkxNDE2MzUzMDE=,Water-Monitoring-System,vinitshahdeo,HTML,68,167,117
MDEwOlJlcG9zaXRvcnkyNjYwNzU4OQ==,Leaflet.DistortableImage,publiclab,JavaScript,126,136,259
MDEwOlJlcG9zaXRvcnkxOTM5Njc2MTk=,shopyo,Abdur-rahmaanJ,HTML,86,47,66
MDEwOlJlcG9zaXRvcnkzMTYyOTc1MQ==,cypress,cypress-io,JavaScript,21019,1263,5742
MDEwOlJlcG9zaXRvcnk4MzkwNzI2Mg==,image-sequencer,publiclab,JavaScript,75,196,701
MDEwOlJlcG9zaXRvcnkyMTI5Njg2MDk=,coding-ai,10secondsofcode,JavaScript,45,108,45
MDEwOlJlcG9zaXRvcnkyMTM5OTk1MTY=,Yet_Another_Algorithms_Repository,Yet-Another-Series,C++,30,281,70
MDEwOlJlcG9zaXRvcnk3NjEzMjU3,selenium,SeleniumHQ,Java,17994,5765,6560
MDEwOlJlcG9zaXRvcnkzMDIyNzc5MA==,rand,rust-random,Rust,648,242,384
MDEwOlJlcG9zaXRvcnkxODM5OTUxOQ==,mes-aides-ui,betagouv,JavaScript,56,18,497
MDEwOlJlcG9zaXRvcnk0MTAyOTg4Mw==,app-datepicker,motss,TypeScript,129,43,121
MDEwOlJlcG9zaXRvcnkyMzA1OTA0Mw==,taskcluster-cli,taskcluster,Go,16,31,70
MDEwOlJlcG9zaXRvcnkzODMxMDQ2MQ==,HDMI2USB-litex-firmware,timvideos,Python,108,73,270
MDEwOlJlcG9zaXRvcnkzNDI5NDc0Mw==,paper-input,PolymerElements,JavaScript,134,162,412
MDEwOlJlcG9zaXRvcnk2NDg2Njg3,iceball,iamgreaser,C,107,33,207
MDEwOlJlcG9zaXRvcnkxOTAxNDM3Ng==,portal,anitab-org,Python,60,192,254
MDEwOlJlcG9zaXRvcnkxNjEwNjI2NjY=,jarvis-telegram,the-vision,Python,16,23,42
MDEwOlJlcG9zaXRvcnkxOTAzMjI2NA==,vms,anitab-org,Python,102,229,433
MDEwOlJlcG9zaXRvcnk0MjA0MDIxOQ==,powerup-android,anitab-org,Java,112,446,563
MDEwOlJlcG9zaXRvcnkzNDA3MTE0,oshi,oshi,Java,1671,437,555
MDEwOlJlcG9zaXRvcnk0OTQwMjQ3MA==,cypress-documentation,cypress-io,JavaScript,247,539,744
MDEwOlJlcG9zaXRvcnkxODU0MzAyOTA=,simple-data-grapher,publiclab,JavaScript,34,56,49
MDEwOlJlcG9zaXRvcnk1NzkyMDI1Mw==,PublicLab.Editor,publiclab,JavaScript,39,96,246
MDEwOlJlcG9zaXRvcnkxMDUwNDY1NQ==,mapknitter,publiclab,Ruby,225,188,611
MDEwOlJlcG9zaXRvcnkxOTAyMDEzNTQ=,honeybot,pyhoneybot,Python,41,64,26
MDEwOlJlcG9zaXRvcnkyODIyNDEyNg==,Yuzuki,PoolC,Python,10,9,83
MDEwOlJlcG9zaXRvcnkyNDc2Njk2Nw==,glium,glium,Rust,2124,261,687
MDEwOlJlcG9zaXRvcnk2OTE5MzA4MQ==,how-to-contribute-to-open-source,freeCodeCamp,,3421,826,92
MDEwOlJlcG9zaXRvcnk4Mjk5NTgyOQ==,inline-markdown-editor,publiclab,JavaScript,24,33,21
MDEwOlJlcG9zaXRvcnk5MTAwMzExNA==,leaflet-blurred-location,publiclab,JavaScript,19,33,96
MDEwOlJlcG9zaXRvcnkxMDY3NTkzNjA=,how-many-days-until-halloween,scrabill,CSS,36,250,56
MDEwOlJlcG9zaXRvcnk1MjUyMjA0Ng==,Ombi,tidusjar,C#,2107,293,3063
MDEwOlJlcG9zaXRvcnkxMzM1NTk3MDI=,betterdocs,khusnetdinov,HTML,23,40,97
MDEwOlJlcG9zaXRvcnk5MzMxOTE3NQ==,badgeyay,fossasia,JavaScript,1382,437,1102
MDEwOlJlcG9zaXRvcnkyNzQ1NDU2Mg==,ark,ark-lang,Go,648,54,504
MDEwOlJlcG9zaXRvcnkxMDczMTE1NjQ=,community-toolbox,publiclab,JavaScript,95,140,134
MDEwOlJlcG9zaXRvcnk3MjE3MjE4MQ==,honeybot,Abdur-rahmaanJ,Python,60,56,75
MDEwOlJlcG9zaXRvcnkxMDgyNjY4NDY=,imglab,NaturalIntelligence,HTML,642,365,107
MDEwOlJlcG9zaXRvcnk2Nzk1ODQ=,openemr,openemr,PHP,1280,1026,1043
MDEwOlJlcG9zaXRvcnk5NzAwMjg2MQ==,pyswarms,ljvmiranda921,Python,615,208,147
MDEwOlJlcG9zaXRvcnk2NjcwMDY=,video.js,videojs,JavaScript,28676,6475,4058
MDEwOlJlcG9zaXRvcnkxNDkxMTM1MTQ=,A-to-Z-Resources-for-Students,dipakkr,,10377,3227,165
MDEwOlJlcG9zaXRvcnk5ODc0OTE0NQ==,dav-js,DAVFoundation,TypeScript,79,58,62
MDEwOlJlcG9zaXRvcnk5ODYzMzQ1OQ==,missioncontrol,DAVFoundation,TypeScript,159,164,84
MDEwOlJlcG9zaXRvcnkyMTk4OTgzNA==,systers.github.io,systers,TypeScript,37,82,177
MDEwOlJlcG9zaXRvcnk5ODY4NjM4MA==,greensteps,GreenStepsChatt,Ruby,14,33,115
MDEwOlJlcG9zaXRvcnkxMTUzNDIyMzU=,xplore,DAVFoundation,JavaScript,59,70,64
MDEwOlJlcG9zaXRvcnk5OTQ4NDYxMw==,missions,DAVFoundation,JavaScript,140,124,81
MDEwOlJlcG9zaXRvcnk0MDc5NjM4OQ==,voc,beeware,Python,839,541,196
MDEwOlJlcG9zaXRvcnk2NTQ4OTcxNw==,esfiddle,esfiddle,CSS,93,75,106
MDEwOlJlcG9zaXRvcnkxMTY4NTAwMzk=,GitHub-Practice-For-All,RomchyFCC,CSS,62,141,41
MDEwOlJlcG9zaXRvcnk4OTA3MzQ1NQ==,OpenSourceHelpCommunity.github.io,OpenSourceHelpCommunity,HTML,45,59,118
MDEwOlJlcG9zaXRvcnk1ODM0MTM3Mg==,camp,hoodiehq,HTML,88,61,127
MDEwOlJlcG9zaXRvcnk2NDY1NDUyMw==,openebs,openebs,,6219,709,1802
MDEwOlJlcG9zaXRvcnk1NDIwNjE0MQ==,hello-world,salman-bhai,Python,41,75,66
MDEwOlJlcG9zaXRvcnkxOTE2MDY5Nw==,keycodes,wesbos,JavaScript,1637,312,182
MDEwOlJlcG9zaXRvcnkyMzc5MTA4Nw==,pretix,pretix,Python,868,266,915
MDEwOlJlcG9zaXRvcnkxMjMyMDg5NQ==,annyang,TalAter,JavaScript,5820,976,311
MDEwOlJlcG9zaXRvcnk0NjI2MTQwNA==,reason,facebook,OCaml,8836,420,1387
MDEwOlJlcG9zaXRvcnk4NjM2OTQ2Mg==,react-native-offline,rgommezz,TypeScript,1640,225,163
MDEwOlJlcG9zaXRvcnk3MTMyMzc0OQ==,react-native-paper,callstack,TypeScript,6038,872,1084
MDEwOlJlcG9zaXRvcnk0NTA4NDE0Ng==,hoodie-account-server,hoodiehq,JavaScript,22,60,90
MDEwOlJlcG9zaXRvcnk0OTE1OTk4Mw==,bucklescript,BuckleScript,OCaml,4740,352,1693
MDEwOlJlcG9zaXRvcnk0ODAwOTIxNA==,react-native-windows,microsoft,C++,12198,910,2280
MDEwOlJlcG9zaXRvcnkxMDM2NTQxMQ==,medium-editor,yabwe,JavaScript,14556,1749,904
MDEwOlJlcG9zaXRvcnkxODczODQx,onebusaway-android,OneBusAway,Java,370,231,657
MDEwOlJlcG9zaXRvcnk1NjUwNDA0Ng==,owasp-esapi-java,udayinfy,Java,0,0,318
MDEwOlJlcG9zaXRvcnk1NjIyNzc0OA==,owasp-esapi-java,blitzen12,Java,0,0,346
MDEwOlJlcG9zaXRvcnk1NDUxMjc4MQ==,owasp-esapi-java,rajalamourya,Java,0,0,346
MDEwOlJlcG9zaXRvcnk1MjkzMTE2Ng==,owasp-esapi-java,HariniNagarajan,Java,0,0,345
MDEwOlJlcG9zaXRvcnkzNzkxODE4Mg==,owasp-esapi-java,nxbdi,,0,0,344
MDEwOlJlcG9zaXRvcnkzNzMyNjEyOQ==,owasp-esapi-java,anandhachandru,Java,1,0,344
MDEwOlJlcG9zaXRvcnkzNjkzNzAyMw==,owasp-esapi-java,copfee,Java,0,1,344
MDEwOlJlcG9zaXRvcnkzNTMzMDcyNg==,owasp-esapi-java,windbreakerdoss,Java,0,0,344
MDEwOlJlcG9zaXRvcnk1NTQ3ODM3Mg==,owasp-esapi-java,pm-preeta-karmarkar,Java,0,0,346
MDEwOlJlcG9zaXRvcnk1NDcxMTcwMA==,owasp-esapi-java,demba90,Java,0,0,346
MDEwOlJlcG9zaXRvcnkzODIyNDI5MA==,owasp-esapi-java,swe-zzf,Java,0,1,344
MDEwOlJlcG9zaXRvcnkzNDc0MDE0MA==,owasp-esapi-java,vishank848,Java,0,1,344
MDEwOlJlcG9zaXRvcnkzMjYwODQ0NA==,owasp-esapi-java,abimael93,Java,3,2,343
MDEwOlJlcG9zaXRvcnkxNTIzMTIxMg==,jetpack,Automattic,PHP,1206,687,6290
MDEwOlJlcG9zaXRvcnkzNjI0NjAzMw==,owasp-esapi-java,ImAlexzxD,Java,0,0,344
MDEwOlJlcG9zaXRvcnkzNTEyNTM1Ng==,owasp-esapi-java,fandfisf,Java,0,0,344
MDEwOlJlcG9zaXRvcnkzNjQzNzA0MQ==,artillery,artilleryio,JavaScript,3796,308,592
MDEwOlJlcG9zaXRvcnkzNTYwNTQyNA==,owasp-esapi-java,vidyuthd,,0,0,265
MDEwOlJlcG9zaXRvcnk0ODgzNjg2Mw==,owasp-esapi-java,git2abhi,,0,0,345
MDEwOlJlcG9zaXRvcnkzNTkxOTg2Mw==,owasp-esapi-java,xianlaioy,Java,0,0,344
MDEwOlJlcG9zaXRvcnk0ODM1NzM1NA==,owasp-esapi-java,vinothair,Java,0,0,345
MDEwOlJlcG9zaXRvcnk3NTM3NTc3,sensei,Automattic,PHP,308,167,1797
MDEwOlJlcG9zaXRvcnkxODYwOTQyNw==,ecma262,tc39,HTML,10523,869,862
MDEwOlJlcG9zaXRvcnkxNzI1ODg0Nw==,ruby,exercism,Ruby,353,371,276
MDEwOlJlcG9zaXRvcnkxNzI3NDM4OQ==,python,exercism,Python,718,644,758
MDEwOlJlcG9zaXRvcnk3MTQwNzQ=,pouchdb,pouchdb,JavaScript,13198,1284,3913
MDEwOlJlcG9zaXRvcnkzNjgxNzU2NQ==,zaproxy,zaproxy,Java,7467,1408,3705
MDEwOlJlcG9zaXRvcnk0MDg4MjAzMw==,zaproxy,ashenchowthee,,0,0,1661
MDEwOlJlcG9zaXRvcnkyODE4NzMzOA==,monument,ansble,JavaScript,33,45,145
MDEwOlJlcG9zaXRvcnkxMzExNzA5MTA=,mentorship-android,anitab-org,Kotlin,80,228,278
MDEwOlJlcG9zaXRvcnkxMzExNzY2MjM=,mentorship-backend,anitab-org,Python,76,246,305
MDEwOlJlcG9zaXRvcnkyNDcxODE3OTU=,Corona-tracker,COVID-19-electronic-health-system,JavaScript,232,101,388
MDEwOlJlcG9zaXRvcnk1NTEwNDIx,gpstest,barbeau,Java,588,217,322
MDEwOlJlcG9zaXRvcnkxNTg0Njg4Mjg=,bedrock,microsoft,HCL,418,117,1031
MDEwOlJlcG9zaXRvcnk0Njc5NjI2,docs,sendgrid,JavaScript,207,968,1147
MDEwOlJlcG9zaXRvcnkyMzI4MTAxNjk=,Frontend,CropAi,HTML,11,44,133
MDEwOlJlcG9zaXRvcnk2MTQyNjg1NQ==,Algo_Ds_Notes,jainaman224,C++,1282,1412,1162
MDEwOlJlcG9zaXRvcnkyMTg0NjE3ODI=,newscout_web,fafadiatech,JavaScript,1,5,266
MDEwOlJlcG9zaXRvcnkyMzI4MDc1ODI=,Backend,CropAi,JavaScript,5,29,58
MDEwOlJlcG9zaXRvcnkyNTc1MDg2NTg=,detekt,arturbosch,Kotlin,6,13,0
MDEwOlJlcG9zaXRvcnkxMjQ5OTI1MQ==,checkstyle,checkstyle,Java,5360,7411,3115
MDEwOlJlcG9zaXRvcnkxMDc2NjkyNDQ=,MapBot,vishakha-lall,Python,129,103,93
MDEwOlJlcG9zaXRvcnk2NDEyMzQ4MA==,pharo,pharo-project,Smalltalk,519,221,2340
MDEwOlJlcG9zaXRvcnk2ODg0MDU2,brian2,brian-team,Python,436,140,714
MDEwOlJlcG9zaXRvcnkxNTM3MTE4MzA=,winforms,dotnet,C#,2692,409,1001
MDEwOlJlcG9zaXRvcnkyODIwOTM4NA==,Tuxemon,Tuxemon,Python,460,122,391
MDEwOlJlcG9zaXRvcnkxMzUzMzI4MDg=,Ignitus-client,Ignitus,TypeScript,77,125,265
MDEwOlJlcG9zaXRvcnkyMjkzMTU4,metasploit-framework,rapid7,Ruby,20811,10191,3950
MDEwOlJlcG9zaXRvcnk4NDMyMjI=,scikit-learn,scikit-learn,Python,41266,19963,7619
MDEwOlJlcG9zaXRvcnkyNTAyNzUzOQ==,scout,Clinical-Genomics,Python,83,26,1139
MDEwOlJlcG9zaXRvcnkxOTY1MTkxODI=,React-Pincode,Awesome-React-Modules,JavaScript,18,27,25
MDEwOlJlcG9zaXRvcnkyMTc2NDQzMTY=,crisiscleanup-3-web,CrisisCleanup,Vue,12,5,408
MDEwOlJlcG9zaXRvcnkyNDcxMjE4MQ==,trustroots,Trustroots,JavaScript,297,116,713
MDEwOlJlcG9zaXRvcnk2MDg4NDc5NQ==,curriculum,Techtonica,JavaScript,347,372,541
MDEwOlJlcG9zaXRvcnk1MDQyNDEwMQ==,docs.rs,rust-lang,Rust,481,91,450
MDEwOlJlcG9zaXRvcnkyMzgxNjk0NTY=,Conference-Notify,rajatkb,HTML,11,22,47
MDEwOlJlcG9zaXRvcnkxMjc0MDc5NTc=,leetcode,azl397985856,JavaScript,33679,6249,177
MDEwOlJlcG9zaXRvcnkyMzgwNjMyMTU=,girlscript_app,smaranjitghose,Dart,43,88,109
MDEwOlJlcG9zaXRvcnkxNTIyMzA1Nzc=,BUB2,coderwassananmol,JavaScript,20,52,72
MDEwOlJlcG9zaXRvcnkyMzI4MTMzODY=,Data-Modeling,CropAi,Jupyter Notebook,11,27,39
MDEwOlJlcG9zaXRvcnk2MjM1MTc0,conda,conda,Python,3662,926,7368
MDEwOlJlcG9zaXRvcnkzODM3MzMzOA==,scancode-toolkit,nexB,C,974,272,1349
MDEwOlJlcG9zaXRvcnkxNjkxOTY3,synfig,synfig,C++,781,169,856
MDEwOlJlcG9zaXRvcnkyMTA3MTYwMDU=,runtime,dotnet,C#,2849,1017,33532
MDEwOlJlcG9zaXRvcnkzNTUxNzEyNg==,borg,borgbackup,C,6312,472,2756
MDEwOlJlcG9zaXRvcnkxNTkyNjc3NzE=,alembic,sqlalchemy,Python,599,69,668
MDEwOlJlcG9zaXRvcnkyNjE5MjExNw==,lxd,lxc,Go,2628,617,3485
MDEwOlJlcG9zaXRvcnkyMTQ2NTE1NzU=,BlogMan,adavijit,JavaScript,26,88,102
MDEwOlJlcG9zaXRvcnk0NzIxNDE1MA==,stopstalk-deployment,stopstalk,Python,225,72,302
MDEwOlJlcG9zaXRvcnkyMDM2ODA5MDM=,companion-module-requests,bitfocus,,17,0,207
MDEwOlJlcG9zaXRvcnk1NzIwOTk1,lxc,lxc,C,3066,885,1359
MDEwOlJlcG9zaXRvcnkxNTM0NDI4NjQ=,CircuitVerse,CircuitVerse,JavaScript,197,302,720
MDEwOlJlcG9zaXRvcnkxOTI1NDA0NDQ=,footsteps-app,fnplus,JavaScript,35,67,56
MDEwOlJlcG9zaXRvcnkxNTkyNzExNzU=,sqlalchemy,sqlalchemy,Python,2454,363,5223
MDEwOlJlcG9zaXRvcnk0MTIzOTQ3OQ==,luna,luna-rs,Java,123,42,174
MDEwOlJlcG9zaXRvcnkxODg0NjA3MTI=,ccsearch-browser-extension,creativecommons,JavaScript,68,52,107
MDEwOlJlcG9zaXRvcnkyMjczMzg3NjU=,barview-android,krharsh17,Kotlin,25,47,44
MDEwOlJlcG9zaXRvcnkyNjc1MzU1,javaparser,javaparser,Java,3160,735,1616
MDEwOlJlcG9zaXRvcnkyMDg5NDM3,AncientBeast,FreezingMoon,JavaScript,801,231,1391
MDEwOlJlcG9zaXRvcnk2MjM1MDM4MA==,reqwest,seanmonstar,Rust,2865,381,557
MDEwOlJlcG9zaXRvcnkyMTI0NDUwNQ==,qutebrowser,qutebrowser,Python,5585,749,3959
MDEwOlJlcG9zaXRvcnk1NTMwMjU3MA==,pyglmnet,glm-tools,Python,219,71,181
MDEwOlJlcG9zaXRvcnkyMDI5NzgxMDY=,conference-app-2020,DroidKaigi,Kotlin,658,319,337
MDEwOlJlcG9zaXRvcnk4NDY2Mzc5,QGIS-Documentation,qgis,Python,176,390,2401
MDEwOlJlcG9zaXRvcnkxNTE0NTk4MzM=,sef-site,sef-global,HTML,18,52,303
MDEwOlJlcG9zaXRvcnkzMDg5NTUyMg==,pvlib-python,pvlib,Python,377,374,507
MDEwOlJlcG9zaXRvcnk0MTE5MzUzNA==,bitfighter,bitfighter,C++,33,12,620
MDEwOlJlcG9zaXRvcnk0NjIxMDcyNw==,uqcsbot,UQComputingSociety,Python,48,49,172
MDEwOlJlcG9zaXRvcnkzMjc2MTA5MQ==,FXGL,AlmasB,Java,1432,196,717
MDEwOlJlcG9zaXRvcnkxMzAxNTg0,mne-python,mne-tools,Python,1321,767,3029
MDEwOlJlcG9zaXRvcnk4MTUyMzU2Ng==,relm,antoyo,Rust,1639,59,148
MDEwOlJlcG9zaXRvcnk1NjE2ODc3,Thrive,Revolutionary-Games,C#,656,149,860
MDEwOlJlcG9zaXRvcnkzMTY3MDA1Mw==,matrix-js-sdk,matrix-org,JavaScript,543,211,211
MDEwOlJlcG9zaXRvcnkxNjYxNTY5OQ==,android-app,wallabag,Java,306,136,496
MDEwOlJlcG9zaXRvcnkyMzA1MDU5NA==,CKAN,KSP-CKAN,C#,1119,266,1870
MDEwOlJlcG9zaXRvcnkxMzQ5Nzc1,gensim,RaRe-Technologies,Python,10925,3767,1463
MDEwOlJlcG9zaXRvcnk1ODUxNjA0Mw==,DifferentialEquations.jl,SciML,Julia,1278,112,547
MDEwOlJlcG9zaXRvcnkzNzczNTc1NQ==,LibrePCB,LibrePCB,C++,977,142,368
MDEwOlJlcG9zaXRvcnk1MjUwNzc5,OpenSlides,OpenSlides,TypeScript,268,81,2081
MDEwOlJlcG9zaXRvcnkyOTcwNTg=,inaturalist,inaturalist,JavaScript,347,130,1821
MDEwOlJlcG9zaXRvcnkxOTM1MTIwNjU=,Competitive-Programming,rishabhgarg25699,C++,49,98,126
MDEwOlJlcG9zaXRvcnkzODI3ODA3NQ==,haikuports,haikuports,Shell,199,199,1483
MDEwOlJlcG9zaXRvcnkzMTMzMjQ4NA==,swapmyvote,swapmyvote,Ruby,10,16,226
MDEwOlJlcG9zaXRvcnkxNTY2NjI5NjA=,Melonicious,AbhilashG97,Java,10,20,15
MDEwOlJlcG9zaXRvcnk1NzMwMTE0NA==,shopelectro,fidals,Python,4,6,491
MDEwOlJlcG9zaXRvcnkxMzI1ODAzOQ==,aiohttp,aio-libs,Python,9866,1419,2195
MDEwOlJlcG9zaXRvcnkxMzU0MzgyNTA=,marketplace,cyfronet-fid,Ruby,10,6,742
MDEwOlJlcG9zaXRvcnkzOTEwNzIxMQ==,rusoto,rusoto,Rust,1772,290,781
MDEwOlJlcG9zaXRvcnk1OTEzOTY3,liquidhaskell,ucsd-progsys,Haskell,765,101,849
MDEwOlJlcG9zaXRvcnkyMDAxMzIyODQ=,leetCode,myou2k,Python,0,0,27
MDEwOlJlcG9zaXRvcnkyMTIxNjIxNDU=,interview-techdev-guide,fnplus,C++,160,285,242
MDEwOlJlcG9zaXRvcnkxMDE1ODg1Mzg=,tram-one-express,Tram-One,JavaScript,4,7,38
MDEwOlJlcG9zaXRvcnkzMzA3ODEzOA==,embox,embox,C,473,156,926
MDEwOlJlcG9zaXRvcnkzNjU5Mjc1,numba,numba,Python,5391,661,3275
MDEwOlJlcG9zaXRvcnkxNjQzNjkzMjA=,issues,linuxppc,,1,0,295
MDEwOlJlcG9zaXRvcnk4NDIwMzc=,Nim,nim-lang,Nim,9538,1032,8071
MDEwOlJlcG9zaXRvcnkyMjkzNzc0OQ==,mlxtend,rasbt,Python,2975,647,311
MDEwOlJlcG9zaXRvcnk0NzQ3Ng==,qtile,qtile,Python,1891,423,795
MDEwOlJlcG9zaXRvcnk2MTM2MjYx,qutip,qutip,Python,851,357,518
MDEwOlJlcG9zaXRvcnkyNDQ1NjcxNA==,dissemin,dissemin,Python,157,19,617
MDEwOlJlcG9zaXRvcnk0NTg5NTA5,pyFAI,silx-kit,Python,38,58,823
MDEwOlJlcG9zaXRvcnkyMjM5NDM1Nw==,osquery,osquery,C++,16897,2015,2481
MDEwOlJlcG9zaXRvcnk1MjI2NDE2MA==,Images-to-PDF,Swati4star,Java,432,391,433
MDEwOlJlcG9zaXRvcnkzOTQ4NzU0Ng==,riot-web,vector-im,HTML,5109,858,12555
MDEwOlJlcG9zaXRvcnkyMDg1NDAxNTM=,opendrinks,alfg,Vue,162,318,37
MDEwOlJlcG9zaXRvcnkxOTA3OTkxOA==,netrunner,mtgred,Clojure,728,330,2884
MDEwOlJlcG9zaXRvcnk5NzYyMDE1OQ==,application,buckets,,41,1,473
MDEwOlJlcG9zaXRvcnkxMDQ5MDk1,kivy,kivy,Python,11388,2454,3966
MDEwOlJlcG9zaXRvcnkxMzAxNzQ1,traits,enthought,Python,253,70,500
MDEwOlJlcG9zaXRvcnk4OTMzNDk4,ampache,ampache,PHP,2446,484,1804
MDEwOlJlcG9zaXRvcnkyMDg1NTU5Nzc=,wpblog.GitHub.io,DavidWang1997,,2,0,159
MDEwOlJlcG9zaXRvcnkyMDE1MzA5Mg==,image,image-rs,Rust,1589,295,515
MDEwOlJlcG9zaXRvcnkzNzI5OTQyNA==,puzzlehunt_server,dlareau,Python,6,6,126
MDEwOlJlcG9zaXRvcnk3MzU0NDcxMg==,pivorak-web-app,pivorakmeetup,Ruby,63,54,438
MDEwOlJlcG9zaXRvcnkxMzI3MDk4MjQ=,doccano,doccano,Python,3162,669,568
MDEwOlJlcG9zaXRvcnkxNzYzNDA3MQ==,jabref,JabRef,Java,1759,1177,2844
MDEwOlJlcG9zaXRvcnk0OTI3MzQwOA==,pscheduler,perfsonar,Python,27,17,815
MDEwOlJlcG9zaXRvcnkxMzQwNzk4ODQ=,zio,zio,Scala,2302,632,1306
MDEwOlJlcG9zaXRvcnk2ODMxMjIzMw==,vcpkg,microsoft,CMake,9489,2564,5957
MDEwOlJlcG9zaXRvcnkxMTQ1ODEzMjY=,coda,CodaProtocol,OCaml,440,87,1749
MDEwOlJlcG9zaXRvcnkzNTQ1ODAwNQ==,stacki,Teradata,Python,220,66,223
MDEwOlJlcG9zaXRvcnk1MjQ0NDQ1,AntennaPod,AntennaPod,Java,2885,821,2482
MDEwOlJlcG9zaXRvcnkyMDE0OTI5,scikit-image,scikit-image,Python,3809,1597,1800
MDEwOlJlcG9zaXRvcnkxNzA3NzgzNTk=,inpycon2019,pythonindia,HTML,17,29,50
MDEwOlJlcG9zaXRvcnk0NTM4OTQ5Ng==,linkedevents-ui,City-of-Helsinki,JavaScript,2,15,299
MDEwOlJlcG9zaXRvcnkxNDY2NDExNTA=,pipeline,tektoncd,Go,5141,858,1132
MDEwOlJlcG9zaXRvcnk3Mzc0MDI3Mw==,visualstudio-docs,MicrosoftDocs,Python,597,1094,3170
MDEwOlJlcG9zaXRvcnkxMzMwMzg5MQ==,cfdocs,foundeo,ColdFusion,143,250,245
MDEwOlJlcG9zaXRvcnkxODIyNDkyMA==,hospitalrun-frontend,HospitalRun,TypeScript,5311,1691,810
MDEwOlJlcG9zaXRvcnk0Mjc3ODE0,onlineweb4,dotkom,Python,41,16,947
MDEwOlJlcG9zaXRvcnkzNzE4MjcxMg==,vektorprogrammet,vektorprogrammet,PHP,14,9,467
MDEwOlJlcG9zaXRvcnkxMTE1MTA5MTU=,dotnet-api-docs,dotnet,C#,160,775,1375
MDEwOlJlcG9zaXRvcnkxNTcxODIw,CellProfiler,CellProfiler,Python,474,243,2806
MDEwOlJlcG9zaXRvcnk1MTQ3ODI2Ng==,website,kubernetes,HTML,2037,7458,5916
MDEwOlJlcG9zaXRvcnkyMzYwOTU1NzY=,backstage,spotify,TypeScript,4633,263,422
MDEwOlJlcG9zaXRvcnkyMzA4MzE1Ng==,material-ui,mui-org,JavaScript,58592,16828,11319
MDEwOlJlcG9zaXRvcnk3MzY0ODY3OA==,dev.to,thepracticaldev,Ruby,13411,2217,2681
MDEwOlJlcG9zaXRvcnk2NzIwNDAz,simple-icons,simple-icons,HTML,8717,1106,1456
MDEwOlJlcG9zaXRvcnkzMjk3ODMw,gemrb,gemrb,C++,551,120,665
MDEwOlJlcG9zaXRvcnkxOTM1NDQyNDU=,oasis,fraction,JavaScript,166,27,231
MDEwOlJlcG9zaXRvcnkyMDA0MzkzMjE=,algorithm_plus,JackLee-pro,,15,4,47
MDEwOlJlcG9zaXRvcnk2Nzk0MTY1Ng==,juniper,graphql-rust,Rust,2779,245,319
MDEwOlJlcG9zaXRvcnk0NzA3MTA4Mg==,kotest,kotest,Kotlin,2402,321,855
MDEwOlJlcG9zaXRvcnkyMTcxMTM1OTA=,pytorch-metric-learning,KevinMusgrave,Python,1659,228,105
MDEwOlJlcG9zaXRvcnkxNDMwNTk0NDI=,carbon-components-angular,IBM,TypeScript,245,137,639
MDEwOlJlcG9zaXRvcnkxMTgxOTI3,bitcoin,bitcoin,C++,43909,25980,5530
MDEwOlJlcG9zaXRvcnkxMDQ2MjkwMjM=,rav1e,xiph,Assembly,2055,151,555
MDEwOlJlcG9zaXRvcnkxNDQwODM5MDY=,game-of-life,TroyTae,JavaScript,76,185,467
MDEwOlJlcG9zaXRvcnkxMTcyNjc5NTA=,orbitize,sblunt,Python,43,31,97
MDEwOlJlcG9zaXRvcnk0OTg3NjQ3Ng==,incubator-shardingsphere,apache,Java,11455,3783,3139
MDEwOlJlcG9zaXRvcnkxMjQxNTc1MTc=,cluster-api,kubernetes-sigs,Go,1202,444,1240
MDEwOlJlcG9zaXRvcnkxMTc3NDQyMzA=,rustc-dev-guide,rust-lang,HTML,600,160,201
MDEwOlJlcG9zaXRvcnkyMzA0Nzgz,w3af,andresriancho,Python,3218,993,18388
MDEwOlJlcG9zaXRvcnkyNjQzODc4,ESP-Website,learning-unlimited,Python,69,50,1698
MDEwOlJlcG9zaXRvcnkyNDg1Nzc4ODU=,findthemasks,findthemasks,JavaScript,50,42,413
MDEwOlJlcG9zaXRvcnk3MDEwNzc4Ng==,next.js,zeit,JavaScript,50013,7681,6676
MDEwOlJlcG9zaXRvcnkyNDcyNzE4NDk=,stam-acasa,code4romania,C#,16,55,214
MDEwOlJlcG9zaXRvcnkxMTgzMDI2OQ==,strongbox,strongbox,Java,303,420,630
MDEwOlJlcG9zaXRvcnkxNDQ4MTc5Nzg=,coding_prac,mohanliu,,1,0,160
MDEwOlJlcG9zaXRvcnkxMDkxNDU1NTM=,libpod,containers,Go,4755,562,2303
MDEwOlJlcG9zaXRvcnkyOTc3ODc4MQ==,slack,slack-go,Go,3037,739,282
MDEwOlJlcG9zaXRvcnkyNDI3ODk3Ng==,react-modal,reactjs,JavaScript,5543,711,477
MDEwOlJlcG9zaXRvcnkxMDI3MDcyMg==,go-github,google,Go,5919,1299,616
MDEwOlJlcG9zaXRvcnk0ODY5Mjk0,radare2,radareorg,C,12701,2219,7527
MDEwOlJlcG9zaXRvcnk0NTQ5NTY3OQ==,tpot,EpistasisLab,Python,7210,1259,713
MDEwOlJlcG9zaXRvcnkxNjY1MTUwMjI=,presto,prestosql,Java,1108,541,1193
MDEwOlJlcG9zaXRvcnkyMjUyNDUzMTQ=,LibreLingo,kantord,JavaScript,567,32,145
MDEwOlJlcG9zaXRvcnk4NTgxMjc=,pandas,pandas-dev,Python,25498,10403,18278
MDEwOlJlcG9zaXRvcnkyNDUxNjgyMw==,dart_style,dart-lang,Dart,399,60,745
MDEwOlJlcG9zaXRvcnk2MDI0MzE5Nw==,server,nextcloud,PHP,11057,2035,10416
MDEwOlJlcG9zaXRvcnk0MDIxNzkwNA==,sway,swaywm,C,7632,620,2848
MDEwOlJlcG9zaXRvcnkxMDkxNjI2Mzk=,thanos,thanos-io,Go,5913,800,1021
MDEwOlJlcG9zaXRvcnkyMjI4Nzk3NQ==,Shaarli,shaarli,PHP,1863,198,724
MDEwOlJlcG9zaXRvcnkxMDYzMDYwNTY=,kapitan,deepmind,Python,1212,123,179
MDEwOlJlcG9zaXRvcnkxMzE2MTk2NDY=,dagster,dagster-io,Python,1817,169,1646
MDEwOlJlcG9zaXRvcnkyMDkyOTAyNQ==,TypeScript,microsoft,TypeScript,61654,8269,26783
MDEwOlJlcG9zaXRvcnkxMDc0MjIzNzM=,eui,elastic,TypeScript,2043,360,1539
MDEwOlJlcG9zaXRvcnk0MTg4OTAzMQ==,NewPipe,TeamNewPipe,Java,8964,1308,2973
MDEwOlJlcG9zaXRvcnkxMjQ1OTMwNTc=,wemake-python-styleguide,wemake-services,Python,1042,207,798
MDEwOlJlcG9zaXRvcnk0MzQ0MTQwMw==,strapi,strapi,JavaScript,26692,3258,3662
MDEwOlJlcG9zaXRvcnk2NTYwMDk3NQ==,pytorch,pytorch,C++,39707,10279,14759
MDEwOlJlcG9zaXRvcnkxNTc1NTQ0Nzk=,meshery,layer5io,JavaScript,352,105,502
MDEwOlJlcG9zaXRvcnk1OTczODU1,Cataclysm-DDA,CleverRaven,C++,4260,2382,14789
MDEwOlJlcG9zaXRvcnkzMzc5MTc0Mw==,x64dbg,x64dbg,C++,35187,1334,1812
MDEwOlJlcG9zaXRvcnkyMzEyODM0NTI=,excalidraw,excalidraw,TypeScript,9105,606,762
MDEwOlJlcG9zaXRvcnk1MDc3NzU=,elasticsearch,elastic,Java,49558,17049,24083
MDEwOlJlcG9zaXRvcnkyMjAxMTQwMDA=,verible,google,C++,201,32,235
MDEwOlJlcG9zaXRvcnkxNjU1MzYxNTQ=,typescript-eslint,typescript-eslint,TypeScript,7423,924,1323
MDEwOlJlcG9zaXRvcnk1NTM0MTQ2OQ==,WalletWasabi,zkSNACKs,C#,942,224,1662
MDEwOlJlcG9zaXRvcnkxODYwNjAxMjA=,card-craze,reverse-squared,JavaScript,3,0,116
MDEwOlJlcG9zaXRvcnk0MTg4MTkwMA==,vscode,microsoft,TypeScript,98698,15510,92072
MDEwOlJlcG9zaXRvcnkxMTgzODc5MDQ=,lightkurve,KeplerGO,Python,174,80,367
MDEwOlJlcG9zaXRvcnkyMjc4MDM4MTU=,sgrep,returntocorp,Python,880,34,469
MDEwOlJlcG9zaXRvcnkxOTMxNDY1Njc=,factcast,factcast,Java,10,6,535
MDEwOlJlcG9zaXRvcnkxOTEwMjY3Mg==,piston,PistonDevelopers,Rust,3444,203,857
MDEwOlJlcG9zaXRvcnk4MTYyNjE1,pcl,PointCloudLibrary,C++,5173,3414,1774
MDEwOlJlcG9zaXRvcnk1NjM1Mzc0MA==,minikube,kubernetes,Go,18506,3029,4616
MDEwOlJlcG9zaXRvcnkxNTkyNDkxMTQ=,addons,tensorflow,Python,891,298,584
MDEwOlJlcG9zaXRvcnk5NDkxMTE0NQ==,docusaurus,facebook,JavaScript,17683,1931,992
MDEwOlJlcG9zaXRvcnkzNTU5MDE5,weblate,WeblateOrg,Python,1956,496,3030
MDEwOlJlcG9zaXRvcnk2NzYzNTg3,PrestaShop,PrestaShop,PHP,4798,3707,6902
MDEwOlJlcG9zaXRvcnk2MjU0NDc5OQ==,stroyprombeton,fidals,Python,3,1,406
MDEwOlJlcG9zaXRvcnkxMDE5Mzg2NTA=,Quaver,Quaver,C#,130,33,1067
MDEwOlJlcG9zaXRvcnk5NjkzNTM0,pdns,PowerDNS,C++,2099,615,3593
MDEwOlJlcG9zaXRvcnkyNDg5MDI1MzM=,wh_covid19_app,Western-Health-Covid19-Collaboration,Dart,26,9,160
MDEwOlJlcG9zaXRvcnk0OTE0NDMyNQ==,inkstitch,inkstitch,Python,341,59,511
MDEwOlJlcG9zaXRvcnkxNDU4MDU1ODg=,ProAvalon,vck3000,JavaScript,60,48,137
MDEwOlJlcG9zaXRvcnkyMzEyNDM1MDY=,climatescape.org,climatescape,JavaScript,53,23,165
MDEwOlJlcG9zaXRvcnkyMzIxODYwNjk=,arisa-kt,mojira,Kotlin,4,1,145
MDEwOlJlcG9zaXRvcnkyNjg1MDQ0Mw==,rust-clippy,rust-lang,Rust,4770,629,2866
MDEwOlJlcG9zaXRvcnkxNzYyMDM0Nw==,aspnetcore,dotnet,C#,18045,5037,16581
MDEwOlJlcG9zaXRvcnk1MTc2OTY4OQ==,refined-github,sindresorhus,TypeScript,12086,929,1709
MDEwOlJlcG9zaXRvcnk3Nzg2ODE2Mw==,Tusky,tuskyapp,Kotlin,882,227,833
MDEwOlJlcG9zaXRvcnkxNjUzMTM5NjE=,cve-bin-tool,intel,HTML,130,84,266
MDEwOlJlcG9zaXRvcnkzNzY1MjM4NQ==,cargo-edit,killercup,Rust,1265,80,157
MDEwOlJlcG9zaXRvcnk1Njg4MTUzMg==,auspice,nextstrain,JavaScript,208,125,652
MDEwOlJlcG9zaXRvcnkyNTk0MTE2,mantid,mantidproject,C++,140,85,19900
MDEwOlJlcG9zaXRvcnkxOTEzODcxNzM=,site-kit-wp,google,JavaScript,876,143,1087
MDEwOlJlcG9zaXRvcnk0NTkzNjg5NQ==,wp-calypso,Automattic,JavaScript,11488,1761,13862
MDEwOlJlcG9zaXRvcnkxNjE4NjczMTI=,taskcluster,taskcluster,JavaScript,102,171,678
MDEwOlJlcG9zaXRvcnkxNjYyMjQwMzI=,enve,MaurycyLiebner,C++,362,16,156
MDEwOlJlcG9zaXRvcnk1Mjk1MDI=,scrapy,scrapy,Python,37539,8666,2225
MDEwOlJlcG9zaXRvcnk5NDIwNDI4NA==,RedMew,Refactorio,Lua,137,64,250
MDEwOlJlcG9zaXRvcnkxNzE3NjkwMDA=,steamvr_unreal_plugin,ValveSoftware,C++,103,14,148
MDEwOlJlcG9zaXRvcnkzMzMwNzQ1,profanity,profanity-im,C,910,121,1038
MDEwOlJlcG9zaXRvcnkxNDk3NzgzMjY=,create-aio-app,aio-libs,Python,179,47,57
MDEwOlJlcG9zaXRvcnk5MzQ0NjA0Mg==,terraform-provider-azurerm,terraform-providers,Go,1780,1727,4020
MDEwOlJlcG9zaXRvcnkxMDU4MDg3Njc=,aws-cdk,aws,TypeScript,4889,982,4507
MDEwOlJlcG9zaXRvcnkxNjgzMDI1ODQ=,einsteinpy,einsteinpy,Python,243,130,229
MDEwOlJlcG9zaXRvcnkzMzcwMTI4,pgjdbc,pgjdbc,Java,824,548,757
MDEwOlJlcG9zaXRvcnk5NTk5MDg=,OpenRA,OpenRA,C#,8238,2069,7976
MDEwOlJlcG9zaXRvcnkxNTU1MDk0,shogun,shogun-toolbox,C++,2691,1022,1475
MDEwOlJlcG9zaXRvcnk3MTc3NTIyMA==,its,PDP-10,Assembly,488,54,1104
MDEwOlJlcG9zaXRvcnkzMDYzODg2MQ==,fingerprintjs2,Valve,JavaScript,10808,1395,386
MDEwOlJlcG9zaXRvcnkxOTcyNDE4MjE=,airshipctl,airshipit,Go,12,16,286
MDEwOlJlcG9zaXRvcnk0NzE5MDYyNA==,conan,conan-io,Python,4048,525,4426
MDEwOlJlcG9zaXRvcnkxNzk0OTI4NjE=,httpx,encode,Python,5010,300,396
MDEwOlJlcG9zaXRvcnk4MjcyMjk4NA==,rust-cookbook,rust-lang-nursery,Shell,1167,213,268
MDEwOlJlcG9zaXRvcnkxNjM3MTc5MDA=,Mathball,pbiswas101,JavaScript,73,47,88
MDEwOlJlcG9zaXRvcnk4Mzg3ODI2OQ==,dvc,iterative,Python,5377,478,2120
MDEwOlJlcG9zaXRvcnk4MzgyMTY2OQ==,qiskit-terra,Qiskit,Python,2791,1127,1798
MDEwOlJlcG9zaXRvcnkxMDY3MjMzMDU=,office365-cli,pnp,TypeScript,312,128,860
MDEwOlJlcG9zaXRvcnkxMjgzNTM5MjI=,website,kubeflow,HTML,81,347,859
MDEwOlJlcG9zaXRvcnk4ODU0NDcwMQ==,factcast,Mercateo,Java,14,8,174
MDEwOlJlcG9zaXRvcnkyMTk1NjEx,taffybar,taffybar,Haskell,448,108,301
MDEwOlJlcG9zaXRvcnk4MjQ0NTE=,luakit,luakit,Lua,1407,229,622
MDEwOlJlcG9zaXRvcnk2NzExMTQ0Ng==,spreed,nextcloud,JavaScript,783,210,1320
MDEwOlJlcG9zaXRvcnkyNDgzNTU4NzQ=,covid19india-cluster,someshkar,JavaScript,1029,678,143
MDEwOlJlcG9zaXRvcnk2MjU3ODU2,openfoodnetwork,openfoodfoundation,Ruby,573,385,3216
MDEwOlJlcG9zaXRvcnk1MzU0ODg2Nw==,dbt,fishtown-analytics,Python,1683,351,1422
MDEwOlJlcG9zaXRvcnk3OTM3NzYyOA==,kiwix-android,kiwix,Kotlin,316,313,1183
MDEwOlJlcG9zaXRvcnkxODgxMjI4NDM=,chooser,creativecommons,JavaScript,13,30,74
MDEwOlJlcG9zaXRvcnkyNDgwMTE1MDk=,chime,CodeForPhilly,Python,193,153,286
MDEwOlJlcG9zaXRvcnkxMDcyMTQ1MDA=,mill,lihaoyi,Scala,1380,197,428
MDEwOlJlcG9zaXRvcnkxNzYwODEyNg==,devdocs,magento,HTML,472,1418,1216
MDEwOlJlcG9zaXRvcnkyNDU2MDMwNw==,babel,babel,JavaScript,36875,4343,7168
MDEwOlJlcG9zaXRvcnkxMTM3Nzc4OTk=,Bewitchment,Um-Mitternacht,Java,117,59,499
MDEwOlJlcG9zaXRvcnkyMzg1MTQ1MTc=,tsparticles,matteobruni,TypeScript,466,28,88
MDEwOlJlcG9zaXRvcnkxMjgxNzg2NTQ=,abm-frontend,ABenchM,TypeScript,0,1,231
MDEwOlJlcG9zaXRvcnk2ODk2ODk3OQ==,nuclear,nukeop,JavaScript,5600,552,387
MDEwOlJlcG9zaXRvcnk3ODMzMTY4,kibana,elastic,TypeScript,14404,5788,25577
MDEwOlJlcG9zaXRvcnkxNjQ0MTk2,julia,JuliaLang,Julia,27932,3981,17991
MDEwOlJlcG9zaXRvcnk2OTYwOQ==,openlibrary,internetarchive,Python,2117,572,1697
MDEwOlJlcG9zaXRvcnkxNDE0Njc1Nw==,syslog-ng,syslog-ng,C,1294,340,1142
MDEwOlJlcG9zaXRvcnkxMzM0NDIzODQ=,deno,denoland,TypeScript,64406,3233,2611
MDEwOlJlcG9zaXRvcnkxMzg1NDQyNjk=,pack,buildpacks,Go,738,66,376
MDEwOlJlcG9zaXRvcnk4MDg2MjU4NA==,gutenberg,WordPress,JavaScript,5973,1986,11761
MDEwOlJlcG9zaXRvcnk0MjAzMjg4NA==,apps-android-commons,commons-app,Java,595,809,1943
MDEwOlJlcG9zaXRvcnkyODg0MTEx,magento2,magento,PHP,8694,7679,17725
MDEwOlJlcG9zaXRvcnkyMDY4NzQzMjM=,bandwhich,imsnif,Rust,5504,143,93
MDEwOlJlcG9zaXRvcnk0MzE2MDY4NQ==,zulip,zulip,Python,11800,3814,5372
MDEwOlJlcG9zaXRvcnkyMjAwODY5Mjk=,CSAT,NXdriveBeta,,0,0,139
MDEwOlJlcG9zaXRvcnkxMjYzMTQ2MDY=,fenix,mozilla-mobile,Kotlin,3648,491,7873
MDEwOlJlcG9zaXRvcnkyNDQwNjQzOTc=,covid-safe-paths,tripleblindmarket,TypeScript,441,271,320
MDEwOlJlcG9zaXRvcnkxNDA3NDc0NTc=,krew,kubernetes-sigs,Go,2698,166,235
MDEwOlJlcG9zaXRvcnk5MzQ0NDYxNQ==,terraform-provider-aws,terraform-providers,Go,4393,4088,7364
MDEwOlJlcG9zaXRvcnkyMjQwMDQ3Njk=,vocabulary,creativecommons,CSS,24,53,217
MDEwOlJlcG9zaXRvcnkyNjM2OTM5ODQ=,quarantine-hero,kenodressel,JavaScript,0,0,0
MDEwOlJlcG9zaXRvcnkxNTU5OTE3NjM=,deckdeckgo,deckgo,TypeScript,814,67,377
MDEwOlJlcG9zaXRvcnkxMDA5ODI0NDk=,argo,argoproj,Go,5804,951,1831
MDEwOlJlcG9zaXRvcnkzMjE3NjIx,phpmyadmin,phpmyadmin,PHP,4951,2732,12613
MDEwOlJlcG9zaXRvcnkxMDA5NDY4MDc=,vermouth-martinize,marrink-lab,Python,11,8,131
MDEwOlJlcG9zaXRvcnkxNDM1OTgyOTE=,conference-app-2019,DroidKaigi,Kotlin,816,292,319
MDEwOlJlcG9zaXRvcnkxNzg2MjY3MjA=,pytorch-lightning,PyTorchLightning,Python,6277,720,1221
MDEwOlJlcG9zaXRvcnk1NzE2Nzc2NA==,xi-editor,xi-editor,Rust,18079,655,510
MDEwOlJlcG9zaXRvcnkyMjUwMzAyNzE=,dotenv-linter,mgrachev,Rust,351,39,82
MDEwOlJlcG9zaXRvcnkxODg4MTExMTc=,graphback,aerogear,TypeScript,244,47,511
MDEwOlJlcG9zaXRvcnkxNDE2MDkzMDE=,cluster-api-provider-aws,kubernetes-sigs,Go,305,196,634
MDEwOlJlcG9zaXRvcnkxODc5ODgyNg==,finch,finagle,Scala,1483,208,387
MDEwOlJlcG9zaXRvcnk4MzEzOTc0Mg==,insect,sharkdp,PureScript,2100,82,184
MDEwOlJlcG9zaXRvcnk2MDM3NDgxOQ==,jupyterlab,jupyterlab,JavaScript,9932,1682,4756
MDEwOlJlcG9zaXRvcnk2ODc2OTkxMQ==,perf-tests,kubernetes,Go,438,257,228
MDEwOlJlcG9zaXRvcnkxMTcxNTYwMzE=,prysm,prysmaticlabs,Go,1043,303,1456
MDEwOlJlcG9zaXRvcnk2NDA1MzQ=,sympy,sympy,Python,7094,3042,10109
MDEwOlJlcG9zaXRvcnkxODA0ODE5ODY=,incubator-apisix,apache,Lua,2647,499,723
MDEwOlJlcG9zaXRvcnk4ODA3MjIxOA==,abm,ABenchM,JavaScript,6,5,193
MDEwOlJlcG9zaXRvcnk5Njc2NzIwNg==,web,gitcoinco,JavaScript,928,542,3983
MDEwOlJlcG9zaXRvcnkxMzk5MTU0MDg=,cccatalog-frontend,creativecommons,JavaScript,125,203,519
MDEwOlJlcG9zaXRvcnkzNzQ0ODQ1MQ==,mattermost-server,mattermost,Go,18453,4224,4728
MDEwOlJlcG9zaXRvcnkxMTMxMDYxODQ=,linkerd2,linkerd,Go,5688,554,2117
MDEwOlJlcG9zaXRvcnkxOTA0MzM4MzY=,firefox-voice,mozilla,JavaScript,195,111,1022
MDEwOlJlcG9zaXRvcnk1NTU2NTQ0Mw==,specs,amethyst,Rust,1633,168,255
MDEwOlJlcG9zaXRvcnk3NDQzNjk0Mg==,prest,prest,Go,2302,131,224
MDEwOlJlcG9zaXRvcnk2NzQ0ODQzNA==,tabun,everypony,PHP,10,9,112
MDEwOlJlcG9zaXRvcnkyNDY0MDgzMjU=,covid-dashboard,covid19-dash,Python,64,28,57
MDEwOlJlcG9zaXRvcnk1MTE5MzUyNg==,cosmos-sdk,cosmos,Go,1740,798,2993
MDEwOlJlcG9zaXRvcnkxMTQ0NjYxNDU=,yew,yewstack,Rust,12116,527,648
MDEwOlJlcG9zaXRvcnkxNDAyMDU3NDc=,sudocode,rahulkumaran,Python,26,42,26
MDEwOlJlcG9zaXRvcnk5MzQ0NjA3NQ==,terraform-provider-google,terraform-providers,Go,1110,813,2995
MDEwOlJlcG9zaXRvcnk1NTY2Mjg5Ng==,OpenOversight,lucyparsons,Python,137,50,374
MDEwOlJlcG9zaXRvcnk1MzY4MTI5NA==,Slither,PySlither,Python,11,5,56
MDEwOlJlcG9zaXRvcnk3NjAwMDM0OQ==,bonobo,python-bonobo,Python,1289,109,167
MDEwOlJlcG9zaXRvcnk1MTIzMzI=,donejs,donejs,JavaScript,1349,166,737
MDEwOlJlcG9zaXRvcnkxNjE1Nzc0Ng==,efcore,dotnet,C#,9198,2335,13878
MDEwOlJlcG9zaXRvcnk5NzY0MTkzMw==,PySyft,OpenMined,Python,5800,1317,1842
MDEwOlJlcG9zaXRvcnk5NjExOTM3Mg==,matrix-wishlist,turt2live,,36,2,365
MDEwOlJlcG9zaXRvcnkxNDgwOTM4MTc=,oppia-android,oppia,Kotlin,20,44,655
MDEwOlJlcG9zaXRvcnk3OTE2MjY4Mg==,joplin,laurent22,JavaScript,16580,1705,2422
MDEwOlJlcG9zaXRvcnk3OTEwMDQ1,shields,badges,JavaScript,11203,3016,1668
MDEwOlJlcG9zaXRvcnk2OTQ5NTE3MA==,fastify,fastify,JavaScript,14734,1041,918
MDEwOlJlcG9zaXRvcnk0Nzg3MjY5,astroquery,astropy,Python,465,246,731
MDEwOlJlcG9zaXRvcnkxMjgwMTg0Mjg=,Sentinel,alibaba,Java,12716,4137,1070
MDEwOlJlcG9zaXRvcnkxMjczOTU0MzU=,reports,cuba-platform,Java,8,0,238
MDEwOlJlcG9zaXRvcnk1NDE1MzY0NA==,mobile,openmsupply,JavaScript,21,17,1806
MDEwOlJlcG9zaXRvcnkxODMzNTIyNTI=,that-website,ThatConference,JavaScript,30,24,179
MDEwOlJlcG9zaXRvcnk5NDcyODk2Mg==,go-livepeer,livepeer,Go,280,71,925
MDEwOlJlcG9zaXRvcnkxNTg2MTM0MzA=,test_sqlalchemy,sqlalchemy-bot,Python,0,0,4371
MDEwOlJlcG9zaXRvcnkxMDg1MzA1OTM=,Hacktoberfest,Showndarya,Python,177,1270,137
MDEwOlJlcG9zaXRvcnkxNDQ5NTU2NjE=,ContriHub-18,ContriHUB,JavaScript,6,36,42
MDEwOlJlcG9zaXRvcnkxNDY2OTUwMTk=,algorithm,masteroy,,0,0,175
MDEwOlJlcG9zaXRvcnk3NjczNDA2OA==,renovate,renovatebot,TypeScript,3084,439,2493
MDEwOlJlcG9zaXRvcnkxMTc0OTQ3NQ==,lwt,ocsigen,OCaml,465,138,430
MDEwOlJlcG9zaXRvcnk3MTk5OTE4OQ==,data,Code4Nepal,,11,13,21
MDEwOlJlcG9zaXRvcnkxNjU1NDczOQ==,beats,elastic,Go,8935,3278,5179
MDEwOlJlcG9zaXRvcnkxMTU0NzAwNTg=,it-chain,DE-labtory,Go,159,51,428
MDEwOlJlcG9zaXRvcnkyODE0OTQwOQ==,mlpack,mlpack,C++,3284,1218,1173
MDEwOlJlcG9zaXRvcnkxODQxMTk3Mg==,FStar,FStarLang,F*,1859,161,1571
MDEwOlJlcG9zaXRvcnkyMDE3NDQzOTA=,components,HospitalRun,TypeScript,31,65,80
MDEwOlJlcG9zaXRvcnkzNjA0MDg5NA==,gatsby,gatsbyjs,JavaScript,45347,8324,10894
MDEwOlJlcG9zaXRvcnk1OTkwNzU2MQ==,Fabrik,Cloud-CV,Python,1064,238,134
MDEwOlJlcG9zaXRvcnk4MTYxMjc2Mg==,manticore,trailofbits,Python,1956,286,694
MDEwOlJlcG9zaXRvcnk3NjAxNjU=,buildbot,buildbot,Python,4375,1467,1164
MDEwOlJlcG9zaXRvcnkyMzU0MzU2Mzc=,web-stories-wp,google,JavaScript,78,36,1209
MDEwOlJlcG9zaXRvcnkyMjE4MjI1Nzc=,Hippy,Tencent,C++,4779,479,99
MDEwOlJlcG9zaXRvcnkxODA1OTMwNzg=,sentinel-golang,alibaba,Go,637,110,86
MDEwOlJlcG9zaXRvcnkzMzIzNzY2Mw==,monero-gui,monero-project,QML,517,563,1232
MDEwOlJlcG9zaXRvcnk0Njk0OTk0,opacclient,opacapp,Java,118,56,300
MDEwOlJlcG9zaXRvcnk3MDk2Mzc=,apollo,apollo-rsps,Java,167,116,179
MDEwOlJlcG9zaXRvcnkxODE5MzkzNzI=,cli,tektoncd,Go,134,106,381
MDEwOlJlcG9zaXRvcnkxNzAzMjY5Ng==,pyarweb,PyAr,HTML,69,86,258
MDEwOlJlcG9zaXRvcnkxNjg0NDQ3NA==,clappr,clappr,JavaScript,5009,706,1340
MDEwOlJlcG9zaXRvcnkxMzAwMDA1NTE=,website,hackforla,HTML,14,52,281
MDEwOlJlcG9zaXRvcnkzNzc2OTgyNg==,HTTP_200,ncs-jss,HTML,24,24,158
MDEwOlJlcG9zaXRvcnkzMjI4MzYz,canjs,canjs,JavaScript,1816,413,2136
MDEwOlJlcG9zaXRvcnkxNjk5NDgyMTc=,crawlab,crawlab-team,Go,6394,895,394
MDEwOlJlcG9zaXRvcnkxOTczMTczNjM=,treehouses.github.io,treehouses,HTML,129,106,260
MDEwOlJlcG9zaXRvcnkxMDY4OTE3NTM=,squirrelly,squirrellyjs,TypeScript,281,56,96
MDEwOlJlcG9zaXRvcnkxNDM4Njc0Nzg=,tidb-operator,pingcap,Go,618,199,999
MDEwOlJlcG9zaXRvcnk0NTkwMjEzMQ==,owasp-esapi-java,khamitkarkiran,Java,0,0,345
MDEwOlJlcG9zaXRvcnk0Mzc2NjE2OQ==,owasp-esapi-java,Diewalkure,Java,1,0,345
MDEwOlJlcG9zaXRvcnk0MjU3Mzk5NA==,owasp-esapi-java,wlchou,Java,0,0,345
MDEwOlJlcG9zaXRvcnk0NTM2ODA5OQ==,owasp-esapi-java,easyfmxu,Java,0,0,345
MDEwOlJlcG9zaXRvcnk0MjY0NTgwNg==,owasp-esapi-java,sanjaiverma,Java,0,0,345
MDEwOlJlcG9zaXRvcnk0MTg3MzM2Mw==,owasp-esapi-java,vijaybalki,Java,0,0,345
MDEwOlJlcG9zaXRvcnk0ODE4MDEyNg==,owasp-esapi-java,sravan008,Java,0,1,345
MDEwOlJlcG9zaXRvcnk0MjA4NTg1NA==,owasp-esapi-java,hyunho2,Java,0,0,345
MDEwOlJlcG9zaXRvcnk0NTM2OTMzNQ==,owasp-esapi-java,fusioncop,Java,0,0,345
MDEwOlJlcG9zaXRvcnkxMjA0OTg5NzE=,swift-nio,apple,Swift,5953,424,443
MDEwOlJlcG9zaXRvcnk0NTgxNzQ1MQ==,owasp-esapi-java,Letractively,Java,0,0,345
MDEwOlJlcG9zaXRvcnkyMzcwNTMyMDk=,wuhan2020.github.io,wuhan2020,JavaScript,80,75,185
MDEwOlJlcG9zaXRvcnk0MTU4MDcwNQ==,owasp-esapi-java,hsetiawan,Java,0,0,345
MDEwOlJlcG9zaXRvcnkxNjMxOTE3OTE=,DiffEqFlux.jl,SciML,Julia,280,61,141
MDEwOlJlcG9zaXRvcnk0MTUzNzg1MQ==,owasp-esapi-java,anouza,Java,0,0,345
MDEwOlJlcG9zaXRvcnk0MTQ4MjQ0Ng==,owasp-esapi-java,fnol,Java,0,1,345
MDEwOlJlcG9zaXRvcnk0MDczNzYzMA==,owasp-esapi-java,marylinh,Java,0,0,345
MDEwOlJlcG9zaXRvcnkzODIyNjY3MQ==,owasp-esapi-java,peval,Java,0,0,344
MDEwOlJlcG9zaXRvcnk0MDc0NTYzOQ==,owasp-esapi-java,mway08,Java,0,0,345
MDEwOlJlcG9zaXRvcnk0MDQ2MzI4OQ==,owasp-esapi-java,cndylan,Java,0,0,345
MDEwOlJlcG9zaXRvcnkxNjQ4NzMzOQ==,hil,CCI-MOC,Python,24,57,439
MDEwOlJlcG9zaXRvcnkxODYwMjQyOTg=,nushell,nushell,Rust,7849,368,895
MDEwOlJlcG9zaXRvcnk2Mjc0MzU4NQ==,spotify-downloader,ritiek,Python,3845,531,520
MDEwOlJlcG9zaXRvcnk1OTAzMjk2OQ==,electrofishing,agrc,JavaScript,0,0,145
MDEwOlJlcG9zaXRvcnkxMjQxNDMzOTY=,2018.1_Nexte,fga-eps-mds,Kotlin,11,4,264
MDEwOlJlcG9zaXRvcnkyMDc1NDg2NDY=,frontend,cambiatus,Elm,15,9,142
MDEwOlJlcG9zaXRvcnkxMDE3NTI5MA==,ReadyResponder,ReadyResponder,Ruby,103,151,317
MDEwOlJlcG9zaXRvcnkxODg0NTc2OTY=,vue-vocabulary,creativecommons,JavaScript,23,56,109
MDEwOlJlcG9zaXRvcnk0MDQwMjAwNg==,coco,numbbo,C,115,52,959
MDEwOlJlcG9zaXRvcnkyMjQ5MTI3NjE=,monix-bio,monix,Scala,39,17,56
MDEwOlJlcG9zaXRvcnkzMjQ4MTU0Mw==,cbioportal,cBioPortal,JavaScript,329,270,4583
MDEwOlJlcG9zaXRvcnkxMzczOTM1Ng==,elcid,openhealthcare,Python,7,2,1275
MDEwOlJlcG9zaXRvcnkxMTUyMDMzODM=,conference-app-2018,DroidKaigi,Kotlin,1305,333,245
MDEwOlJlcG9zaXRvcnkyODQwOTUxNg==,hadrian,snowleopard,Haskell,200,40,416
MDEwOlJlcG9zaXRvcnk3OTMzMDU4OQ==,sozu,sozu-proxy,Rust,1106,82,459
MDEwOlJlcG9zaXRvcnkxNTgzMzE3Nw==,cltk,cltk,Python,593,291,450
MDEwOlJlcG9zaXRvcnk0MDIxMDI0Nw==,zinc,sbt,Scala,233,88,271
MDEwOlJlcG9zaXRvcnkxMTM1MTQxOTM=,bitshuffle,charlesdaniels,Python,3,0,46
MDEwOlJlcG9zaXRvcnk5MjU0MjA0Nw==,pmbootstrap,postmarketOS,Shell,994,154,670
MDEwOlJlcG9zaXRvcnkxMDA4MTQ0MDQ=,ergo,cristianoliveira,Go,387,37,65
MDEwOlJlcG9zaXRvcnkzMjU4NDY2OQ==,iFit,McStasMcXtrace,MATLAB,4,5,201
MDEwOlJlcG9zaXRvcnk2MTkxMDk1Mg==,graphql-tag,apollographql,JavaScript,1669,136,177
MDEwOlJlcG9zaXRvcnk1OTg4ODM0MA==,lyon,nical,Rust,1109,74,191
MDEwOlJlcG9zaXRvcnkyODEyNzU4NQ==,maud,lambda-fairy,Rust,762,52,136
MDEwOlJlcG9zaXRvcnk1NjkzMzk5MA==,geometry,geometry-zsh,Shell,691,81,152
MDEwOlJlcG9zaXRvcnk5MTI3NzMzMA==,wstg,OWASP,Shell,1249,372,181
MDEwOlJlcG9zaXRvcnk0MjMyNDIyNQ==,confidant,lyft,Python,1560,98,81
MDEwOlJlcG9zaXRvcnkyOTExMjA0OQ==,ZeroNet,HelloZeroNet,Python,15834,2044,1972
MDEwOlJlcG9zaXRvcnk0MTExNzUyMw==,react_on_rails,shakacode,Ruby,4495,560,617
MDEwOlJlcG9zaXRvcnk4Nzc5NTg4Mw==,ARD,Devsoc-BPGC,Java,3,9,130
MDEwOlJlcG9zaXRvcnkxMDIxOTc2MzU=,CQUI_Community-Edition,Azurency,Lua,404,116,325
MDEwOlJlcG9zaXRvcnk2NTE1MDM0MA==,TNExT,ODOT-PTS,Java,4,2,163
MDEwOlJlcG9zaXRvcnkyNDQwNjMzOA==,pyblish-qml,pyblish,Python,70,30,201
MDEwOlJlcG9zaXRvcnk4MTM4NDYy,yo,yeoman,JavaScript,3085,378,511
MDEwOlJlcG9zaXRvcnk1NzQwMjIyMg==,open-learning-exchange.github.io,open-learning-exchange,HTML,41,343,1218
MDEwOlJlcG9zaXRvcnkxODU3NjExNg==,speakerfight,luanfonceca,Python,326,150,204
MDEwOlJlcG9zaXRvcnkxMDQ4MDA4MjI=,product_crawler,ProductCrawler,,24,27,27
MDEwOlJlcG9zaXRvcnkyOTM4Mjcw,tardis,tardis-sn,Python,91,223,293
MDEwOlJlcG9zaXRvcnk3NDUxNDcwMQ==,ossboard,ossboard-org,Ruby,103,40,77
MDEwOlJlcG9zaXRvcnkyNDA4ODg0Nw==,react-webpack-rails-tutorial,shakacode,JavaScript,1642,359,167
MDEwOlJlcG9zaXRvcnk1NDM0MDY0Mg==,scikit-optimize,scikit-optimize,Python,1833,349,468
MDEwOlJlcG9zaXRvcnkxMjcxOTk2OA==,mig,mozilla,Go,1164,240,166
MDEwOlJlcG9zaXRvcnkxNzA4OTcyOA==,syncthing-android,syncthing,Java,1351,237,1094
MDEwOlJlcG9zaXRvcnkzMjE2OTY2OA==,ext-solr,TYPO3-Solr,PHP,113,156,1227
MDEwOlJlcG9zaXRvcnkyNjc2ODI3NQ==,StyleCopAnalyzers,DotNetAnalyzers,C#,1588,346,1813
MDEwOlJlcG9zaXRvcnk1ODA0NjczMw==,WnCC,wncc,HTML,17,148,34
MDEwOlJlcG9zaXRvcnkxNDQ1OTk3MDE=,zlux,zowe,,25,31,444
MDEwOlJlcG9zaXRvcnkyNzk3NDc2Mg==,log,rust-lang,Rust,831,128,178
MDEwOlJlcG9zaXRvcnkyNjM2NzU5,radium,kmatheussen,C++,513,25,1227
MDEwOlJlcG9zaXRvcnk4NzczNTI5Ng==,kossiitkgp.github.io,kossiitkgp,JavaScript,20,32,50
MDEwOlJlcG9zaXRvcnkxMTI1OTAzOTc=,Human-Connection,Human-Connection,JavaScript,156,82,842
MDEwOlJlcG9zaXRvcnk3MTc4NzEzOA==,cqui,CQUI-Org,Lua,330,65,412
MDEwOlJlcG9zaXRvcnkxMTY0MDA3MzQ=,jx,jenkins-x,Go,3530,684,3737
MDEwOlJlcG9zaXRvcnkzNDg2NDQwMg==,incubator-mxnet,apache,C++,18819,6683,9019
MDEwOlJlcG9zaXRvcnk1MTUxOTA5,generator,yeoman,JavaScript,954,288,753
MDEwOlJlcG9zaXRvcnkxMDA4MjkyMQ==,BeLL-Apps,open-learning-exchange,JavaScript,12,39,616
MDEwOlJlcG9zaXRvcnk1MTI5MDg1Mg==,bigchaindb,bigchaindb,Python,3470,718,1177
MDEwOlJlcG9zaXRvcnkzNzk5NjIzMw==,hyper-h2,python-hyper,Python,689,109,186
MDEwOlJlcG9zaXRvcnkxNTMzNTA1OTU=,tasks,srobo,,1,0,546
MDEwOlJlcG9zaXRvcnkzMDM3MDYxNw==,streetcrm,OpenTechStrategies,Python,4,4,330
MDEwOlJlcG9zaXRvcnkxNTA1NzUxNQ==,anyway,hasadna,Python,59,198,603
MDEwOlJlcG9zaXRvcnkxNTY3ODczNw==,elmsln,elmsln,PHP,197,111,2125
MDEwOlJlcG9zaXRvcnk2NzcyNzg2Mg==,django-konfera,pyconsk,Python,50,39,119
MDEwOlJlcG9zaXRvcnkzNDA0NTkxMQ==,first-analysis-steps,lhcb,,14,57,115
MDEwOlJlcG9zaXRvcnk2MzUyMTI1,pypreprocess,neurospin,Python,64,56,172
MDEwOlJlcG9zaXRvcnk2NzU4MzU=,scipy-lecture-notes,scipy-lectures,Python,2441,1048,150
MDEwOlJlcG9zaXRvcnkzNjMxNjk3,tsuru,tsuru,Go,3339,453,1490
MDEwOlJlcG9zaXRvcnk2NDA0OTYz,blaze,blaze,Python,2884,371,749
MDEwOlJlcG9zaXRvcnkxMDA1NjI3,allegro5,liballeg,C,993,192,790
MDEwOlJlcG9zaXRvcnkyMDgyOTgxNQ==,conrod,PistonDevelopers,Rust,2720,258,703
MDEwOlJlcG9zaXRvcnkyODU4ODU3Nw==,elegant-scipy,elegant-scipy,Python,414,159,144
MDEwOlJlcG9zaXRvcnkyOTkyNzE=,Elgg,Elgg,PHP,1393,644,8147
MDEwOlJlcG9zaXRvcnkyMjY2MDUxOQ==,vagga,tailhook,Rust,1665,85,326
MDEwOlJlcG9zaXRvcnk1MDcxMjM=,steal,stealjs,JavaScript,1336,541,772
MDEwOlJlcG9zaXRvcnk1Mjg4NDc=,wheelmap-classic,sozialhelden,JavaScript,47,16,363
MDEwOlJlcG9zaXRvcnk0MjUzMjU5Nw==,Website,MaisonLogicielLibre,PHP,5,10,617
MDEwOlJlcG9zaXRvcnk4MTg2NDY5,python-gnupg,isislovecruft,Python,374,161,152
MDEwOlJlcG9zaXRvcnkzODcxMjY1NA==,interpreters-comparison,grigory-rechistov,C,18,10,13
MDEwOlJlcG9zaXRvcnk0NTI1NjE3NQ==,CocoaHeadsApp,CocoaHeadsBrasil,Swift,76,35,61
MDEwOlJlcG9zaXRvcnk0ODMxODkyMg==,flappy-svg,fossasia,JavaScript,1192,134,110
MDEwOlJlcG9zaXRvcnkxMTkxMDYwMTI=,edgex-go,edgexfoundry,Go,610,291,1295
MDEwOlJlcG9zaXRvcnk0OTg2MTgzMQ==,visualizationlibrary,zpc930,C++,0,0,72
MDEwOlJlcG9zaXRvcnkxODk2MTYzMQ==,graphics,PistonDevelopers,Rust,352,46,718
MDEwOlJlcG9zaXRvcnk0OTIxNzE2Ng==,plutocracy,sivarajankumar,C,0,1,265
MDEwOlJlcG9zaXRvcnkyMTMxMTI3NQ==,hematite,PistonDevelopers,Rust,1310,91,105
MDEwOlJlcG9zaXRvcnk0NDc4ODc3Mw==,specto,Alwnikrotikz,Python,0,0,147
MDEwOlJlcG9zaXRvcnkyMzQ3MDQ2MQ==,demobuilder,RedHatEMEA,Python,31,38,128
MDEwOlJlcG9zaXRvcnkyMzA5NzEwMQ==,daala,xiph,C,483,93,156
MDEwOlJlcG9zaXRvcnk0MTA2MTEwMQ==,specto,nekohayo,Python,0,0,147
MDEwOlJlcG9zaXRvcnkyNzk2NjY5NA==,junction,pythonindia,Python,152,157,364
MDEwOlJlcG9zaXRvcnkzMjgyODM5NQ==,plutocracy-from-google-code,Garoth,C,0,0,265
MDEwOlJlcG9zaXRvcnkzMjcyNjc0MA==,VisualizationLibrary,MicBosi,C++,217,59,165
MDEwOlJlcG9zaXRvcnkzMjE5MzM4Ng==,specto,PiRSquared17,Python,0,0,147
MDEwOlJlcG9zaXRvcnkyOTA5NDI3Mg==,adv-net-samples,gwAdvNet2015,Python,8,19,48
MDEwOlJlcG9zaXRvcnkyMjYxNzQ1NA==,seasponge,mozilla,CoffeeScript,236,56,72
